{
  "Melbourne": {
    "totalSenti": 44605.31929123243,
    "totalNeg": 76399,
    "totalTweet": 148051,
    "totalPos": 71652,
    "health": 14.717857142857143,
    "income": 857.1428571428571,
    "city_name": "Melbourne",
    "cities": {
      "Monash": {
        "totalNeg": 10,
        "totalTweet": 22,
        "totalPos": 12,
        "health": 13.3,
        "income": 775.25,
        "totalSenti": 8.40077244147054
      },
      "Bayside": {
        "totalNeg": 60,
        "totalTweet": 99,
        "totalPos": 39,
        "health": 8.7,
        "income": 1148.25,
        "totalSenti": 24.997040994185078
      },
      "Banyule": {
        "totalNeg": 7,
        "totalTweet": 13,
        "totalPos": 6,
        "health": 13.8,
        "income": 897.75,
        "totalSenti": 4.783183569716766
      },
      "Port Phillip": {
        "totalNeg": 641,
        "totalTweet": 1177,
        "totalPos": 536,
        "health": 13.2,
        "income": 1152.25,
        "totalSenti": 324.9224398140137
      },
      "Glen Eira": {
        "totalNeg": 10,
        "totalTweet": 23,
        "totalPos": 13,
        "health": 12.2,
        "income": 976.25,
        "totalSenti": 7.337994885941386
      },
      "Darebin": {
        "totalNeg": 33,
        "totalTweet": 59,
        "totalPos": 26,
        "health": 19.3,
        "income": 799.25,
        "totalSenti": 19.024840679139814
      },
      "Whitehorse": {
        "totalNeg": 20,
        "totalTweet": 32,
        "totalPos": 12,
        "health": 13.2,
        "income": 833.5,
        "totalSenti": 8.519124063597962
      },
      "Wyndham": {
        "totalNeg": 57,
        "totalTweet": 104,
        "totalPos": 47,
        "health": 16.1,
        "income": 772.0,
        "totalSenti": 32.053677405999984
      },
      "Stonnington": {
        "totalNeg": 153,
        "totalTweet": 235,
        "totalPos": 82,
        "health": 10.1,
        "income": 1172.75,
        "totalSenti": 57.96880968037739
      },
      "Casey": {
        "totalNeg": 294,
        "totalTweet": 628,
        "totalPos": 334,
        "health": 16.3,
        "income": 724.75,
        "totalSenti": 221.7030952887668
      },
      "Maribyrnong": {
        "totalNeg": 108,
        "totalTweet": 204,
        "totalPos": 96,
        "health": 18.9,
        "income": 835.5,
        "totalSenti": 63.251044067946
      },
      "Knox": {
        "totalNeg": 87,
        "totalTweet": 166,
        "totalPos": 79,
        "health": 14.2,
        "income": 791.25,
        "totalSenti": 52.578071084623595
      },
      "Mornington Peninsula": {
        "totalNeg": 73124,
        "totalTweet": 140630,
        "totalPos": 67506,
        "health": 13.0,
        "income": 781.25,
        "totalSenti": 42311.74877890887
      },
      "Moonee Valley": {
        "totalNeg": 85,
        "totalTweet": 129,
        "totalPos": 44,
        "health": 14.7,
        "income": 914.5,
        "totalSenti": 28.733093106364382
      },
      "Yarra Ranges": {
        "totalNeg": 215,
        "totalTweet": 494,
        "totalPos": 279,
        "health": 13.4,
        "income": 784.0,
        "totalSenti": 175.07864467018427
      },
      "Melbourne": {
        "totalNeg": 304,
        "totalTweet": 523,
        "totalPos": 219,
        "health": 14.7,
        "income": 814.5,
        "totalSenti": 140.62893875625207
      },
      "Moreland": {
        "totalNeg": 35,
        "totalTweet": 59,
        "totalPos": 24,
        "health": 18.6,
        "income": 824.0,
        "totalSenti": 12.579435371859091
      },
      "Nillumbik": {
        "totalNeg": 5,
        "totalTweet": 20,
        "totalPos": 15,
        "health": 10.0,
        "income": 962.5,
        "totalSenti": 9.5183877278089
      },
      "Boroondara": {
        "totalNeg": 9,
        "totalTweet": 18,
        "totalPos": 9,
        "health": 8.4,
        "income": 1109.5,
        "totalSenti": 6.587153783343398
      },
      "Manningham": {
        "totalNeg": 12,
        "totalTweet": 21,
        "totalPos": 9,
        "health": 11.3,
        "income": 852.0,
        "totalSenti": 4.945726400349036
      },
      "Greater Dandenong": {
        "totalNeg": 19,
        "totalTweet": 35,
        "totalPos": 16,
        "health": 20.1,
        "income": 571.25,
        "totalSenti": 8.592168319385104
      },
      "Whittlesea": {
        "totalNeg": 52,
        "totalTweet": 103,
        "totalPos": 51,
        "health": 19.0,
        "income": 695.5,
        "totalSenti": 32.59675503925685
      },
      "Cardinia": {
        "totalNeg": 748,
        "totalTweet": 1483,
        "totalPos": 735,
        "health": 14.3,
        "income": 770.0,
        "totalSenti": 524.2990780880234
      },
      "Yarra": {
        "totalNeg": 26,
        "totalTweet": 50,
        "totalPos": 24,
        "health": 16.0,
        "income": 1108.0,
        "totalSenti": 15.434788438268125
      },
      "Brimbank": {
        "totalNeg": 70,
        "totalTweet": 132,
        "totalPos": 62,
        "health": 21.2,
        "income": 609.5,
        "totalSenti": 37.286064276107524
      },
      "Frankston": {
        "totalNeg": 12,
        "totalTweet": 18,
        "totalPos": 6,
        "health": 16.6,
        "income": 749.75,
        "totalSenti": 3.2549739311700963
      },
      "Melton": {
        "totalNeg": 193,
        "totalTweet": 1560,
        "totalPos": 1367,
        "health": 17.6,
        "income": 735.5,
        "totalSenti": 466.48750475619505
      },
      "Maroondah": {
        "totalNeg": 10,
        "totalTweet": 14,
        "totalPos": 4,
        "health": 13.9,
        "income": 839.5,
        "totalSenti": 2.0077056832210696
      }
    }
  },
  "Brisbane": {
    "totalSenti": 11730.20191501044,
    "totalNeg": 19365,
    "totalTweet": 37689,
    "totalPos": 18324,
    "health": 15.257142857142856,
    "income": 756.0,
    "city_name": "Brisbane",
    "cities": {
      "Scenic Rim": {
        "totalNeg": 22,
        "totalTweet": 44,
        "totalPos": 22,
        "health": 14.4,
        "income": 683.25,
        "totalSenti": 15.351298307627081
      },
      "Brisbane": {
        "totalNeg": 885,
        "totalTweet": 1720,
        "totalPos": 835,
        "health": 13.3,
        "income": 928.0,
        "totalSenti": 532.1976063097131
      },
      "Moreton Bay": {
        "totalNeg": 142,
        "totalTweet": 320,
        "totalPos": 178,
        "health": 15.3,
        "income": 770.25,
        "totalSenti": 116.93976687026311
      },
      "Logan": {
        "totalNeg": 69,
        "totalTweet": 153,
        "totalPos": 84,
        "health": 16.9,
        "income": 711.5,
        "totalSenti": 47.37762819285514
      },
      "Ipswich": {
        "totalNeg": 18128,
        "totalTweet": 35225,
        "totalPos": 17097,
        "health": 17.4,
        "income": 740.75,
        "totalSenti": 10950.890214406947
      },
      "Redland": {
        "totalNeg": 43,
        "totalTweet": 75,
        "totalPos": 32,
        "health": 13.1,
        "income": 832.25,
        "totalSenti": 19.37166289170797
      },
      "Lockyer Valley": {
        "totalNeg": 76,
        "totalTweet": 152,
        "totalPos": 76,
        "health": 16.4,
        "income": 626.0,
        "totalSenti": 48.073738031327245
      }
    }
  },
  "Perth": {
    "totalSenti": 711.5352997610428,
    "totalNeg": 1270,
    "totalTweet": 2432,
    "totalPos": 1162,
    "health": 11.733333333333334,
    "income": 951.5833333333334,
    "city_name": "Perth",
    "cities": {
      "Gosnells": {
        "totalNeg": 5,
        "totalTweet": 13,
        "totalPos": 8,
        "health": 14.8,
        "income": 758.75,
        "totalSenti": 4.697726202309081
      },
      "Victoria Park": {
        "totalNeg": 2,
        "totalTweet": 3,
        "totalPos": 1,
        "health": 13.7,
        "income": 889.0,
        "totalSenti": 0.39429631826972117
      },
      "Joondalup": {
        "totalNeg": 26,